Model,Dataset,EER,EER CI95,AUROC,min t-DCF,F1,Bal. Acc
B1 (LFCC-LCNN),in_domain_eval,0.1629,"[0.1597, 0.1663]",0.9104,0.6131,0.9022,0.8372
B1 (LFCC-LCNN),in_the_wild,0.5062,"[0.5000, 0.5119]",0.4979,0.9997,0.4205,0.4939
B1 (LFCC-LCNN),wavefake,0.4532,"[0.4486, 0.4576]",0.5638,1.0000,0.6542,0.5468
B1 (LFCC-LCNN),in_domain_eval,0.1629,"[0.1597, 0.1663]",0.9104,0.6131,0.9022,0.8372
B1 (LFCC-LCNN),in_the_wild,0.5062,"[0.5000, 0.5119]",0.4979,0.9997,0.4205,0.4939
B1 (LFCC-LCNN),wavefake,0.4532,"[0.4486, 0.4576]",0.5638,1.0000,0.6542,0.5468
B2 (RawNet2),in_domain_eval,0.0899,"[0.0872, 0.0923]",0.9655,0.3444,0.9478,0.9101
B2 (RawNet2),in_the_wild,0.3808,"[0.3757, 0.3859]",0.6671,0.9341,0.5474,0.6192
B2 (RawNet2),wavefake,0.5037,"[0.4989, 0.5080]",0.4863,1.0000,0.6070,0.4963
B2 (RawNet2),in_domain_eval,0.0899,"[0.0872, 0.0923]",0.9655,0.3444,0.9478,0.9101
B2 (RawNet2),in_the_wild,0.3808,"[0.3757, 0.3859]",0.6671,0.9341,0.5474,0.6192
B2 (RawNet2),wavefake,0.5037,"[0.4989, 0.5080]",0.4863,1.0000,0.6070,0.4963
B3 (AASIST),in_domain_eval,0.1063,"[0.1036, 0.1092]",0.9574,0.3921,0.9378,0.8937
B3 (AASIST),in_the_wild,0.4233,"[0.4180, 0.4285]",0.6122,0.9733,0.5032,0.5766
B3 (AASIST),wavefake,0.4989,"[0.4937, 0.5034]",0.4873,1.0000,0.6116,0.5012
B3 (AASIST),in_domain_eval,0.1063,"[0.1036, 0.1092]",0.9574,0.3921,0.9378,0.8937
B3 (AASIST),in_the_wild,0.4233,"[0.4180, 0.4285]",0.6122,0.9733,0.5032,0.5766
B3 (AASIST),wavefake,0.4989,"[0.4937, 0.5034]",0.4873,1.0000,0.6116,0.5012
B5 (WavLM+OCS),in_domain_eval,0.0286,"[0.0273, 0.0300]",0.9845,0.1041,0.9839,0.9714
B5 (WavLM+OCS),in_the_wild,0.1655,"[0.1612, 0.1698]",0.9103,0.4396,0.7895,0.8345
B5 (WavLM+OCS),wavefake,0.4743,"[0.4691, 0.4789]",0.5370,1.0000,0.6347,0.5257
B5 (WavLM+OCS),in_domain_eval,0.0286,"[0.0273, 0.0300]",0.9845,0.1041,0.9839,0.9714
B5 (WavLM+OCS),in_the_wild,0.1655,"[0.1612, 0.1698]",0.9103,0.4396,0.7895,0.8345
B5 (WavLM+OCS),wavefake,0.4743,"[0.4691, 0.4789]",0.5370,1.0000,0.6347,0.5257
AuralGuard,in_domain_eval,0.0730,"[0.0712, 0.0750]",0.9425,0.2494,0.9579,0.9269
AuralGuard,in_the_wild,0.2347,"[0.2303, 0.2389]",0.8345,0.7268,0.7081,0.7654
AuralGuard,wavefake,0.4872,"[0.4825, 0.4922]",0.5207,1.0000,0.6227,0.5128
AuralGuard,in_domain_eval,0.0730,"[0.0712, 0.0750]",0.9425,0.2494,0.9579,0.9269
AuralGuard,in_the_wild,0.2347,"[0.2303, 0.2389]",0.8345,0.7268,0.7081,0.7654
AuralGuard,wavefake,0.4872,"[0.4825, 0.4922]",0.5207,1.0000,0.6227,0.5128
